,rmse,mean,median,std,min,max,sse
KITTI_00_comp.txt,0.06393567527789151,0.050005603934630195,0.03884357183678172,0.03983980607850502,0.0068202219292357695,0.2670346541428656,0.8993095261127975
